continent,gdpPercapRange
Africa,12928.9326613
Americas,41750.015935999996
Asia,46362.98978
Europe,43420.160644
Oceania,9250.358330000003
